Headline,Sentiment,Confidence
"Nvidia CEO: If I were a 20-year-old again today, this is the field I would focus on in college - CNBC",neutral,0.9363516569137573
Nvidia CEO Jensen Huang sells an additional $12.94 million worth of shares - CNBC,neutral,0.9196864366531372
NVIDIA Bringing CUDA To RISC-V - Phoronix,neutral,0.8237731456756592
"Dishwasher to tech billionaire: Nvidia CEO Jensen Huang's journey of grit, growth, and global dominance - The Times of India",neutral,0.8588390350341797
Nvidia CEO’s China charm offensive underscores rock star status in key market - The Hindu,positive,0.8515113592147827
Nvidia now more valuable than anyone – Elon Musk responds - financialexpress.com,neutral,0.8854539394378662
ASUS quietly introduces ExpertCenter desktop powered by NVIDIA GB300 Grace Blackwell Ultra - VideoCardz.com,neutral,0.906401515007019
Nvidia faces production hurdles in China H20 restart- The Information - Investing.com,neutral,0.803886890411377
Nvidia N1X CPU: Everything we know so far - Tom's Guide,neutral,0.9376705288887024
Prediction: 1 AI Stock Will Be Worth More Than Nvidia and Palantir Technologies Combined by 2030 - The Motley Fool,neutral,0.4976055324077606
"Nvidia CEO Jensen Huang: Whenever I get an answer from AI, I always ask … - The Times of India",neutral,0.9364470839500427
"NVIDIA CEO Jensen Huang Promotes AI in Washington, DC and China - NVIDIA Blog",neutral,0.8537601232528687
NVIDIAScape - NVIDIA AI Vulnerability (CVE-2025-23266) - wiz.io,neutral,0.946405827999115
‘Catalyst for progress’: Nvidia CEO hails China’s AI at Beijing expo - Al Jazeera,neutral,0.8422070741653442
Trump’s fab plan to let Nvidia chip into China again hides a ‘rare’ agenda - The Economic Times,neutral,0.892907440662384
